_id,first_name,last_name,gender,city,email
20,Codee,Arundel,Female,Al Ghāriyah,carundelj@godaddy.com
21,Charlotta,Shillito,Female,Thívai,cshillitok@flavors.me
22,Eal,Munnery,Male,Gibgos,emunneryl@geocities.com
23,Cookie,Marzellano,Female,Stebnyk,cmarzellanom@tripadvisor.com
24,Towney,Fitchen,Male,Urasqui,tfitchenn@weebly.com
25,Verine,Fortnam,Female,Chico,vfortnamo@gnu.org
26,Worth,Farlambe,Male,Luče,wfarlambep@nsw.gov.au
27,Corbie,Orrocks,Male,Tikhvin,corrocksq@edublogs.org
28,Joachim,Gockelen,Male,Uhryniv,jgockelenr@xrea.com
29,Olav,Weth,Male,Detroit,oweths@cornell.edu
30,Melita,Chrystal,Female,Kosaya Gora,mchrystalt@youku.com
31,Junia,Rhodus,Female,Rawa,jrhodusu@eventbrite.com
32,Alaster,Duberry,Male,Portela,aduberryv@youtu.be
33,Cletis,Sillito,Male,Quezon,csillitow@freewebs.com
34,Jermayne,Oldershaw,Non-binary,Sadek,joldershawx@about.com
35,Nadean,Detoc,Genderfluid,Nusaherang,ndetocy@theglobeandmail.com
36,Gradeigh,Whitechurch,Male,Mahong,gwhitechurchz@wordpress.com
37,Indira,Keighley,Female,Naples,ikeighley10@icq.com
38,Joan,Tremellan,Female,Shuanghe,jtremellan11@fc2.com
39,Christiano,Corness,Male,Mashi,ccorness12@posterous.com
40,Jens,Keats,Male,Taloy,jkeats13@baidu.com
41,Isac,Popeley,Male,Kryvichy,ipopeley14@about.me
42,Becka,MacMenamin,Female,Zhouhe,bmacmenamin15@miibeian.gov.cn
43,Shaun,Reuter,Female,Osek nad Bečvou,sreuter16@nyu.edu
44,Licha,Byrth,Bigender,Krajan Satu,lbyrth17@sogou.com
45,Netta,Crook,Female,Pogonsili,ncrook18@rakuten.co.jp
46,Jinny,Baldi,Female,Tarbes,jbaldi19@homestead.com
47,Ewell,Mushrow,Male,Malunda,emushrow1a@gizmodo.com
48,Lona,Alsopp,Female,Beni Khiar,lalsopp1b@phpbb.com
49,Clayton,Bampford,Male,Monte do Outeiro,cbampford1c@cyberchimps.com
50,Blair,Coode,Male,Taozhuang,bcoode1d@blogspot.com
51,Ariana,Leonardi,Female,Jēkabpils,aleonardi1e@accuweather.com
52,Alana,Geertsen,Female,Jednorożec,ageertsen1f@dyndns.org
53,Darin,Costin,Male,Szklarska Poręba,dcostin1g@ucoz.com
54,Fredelia,Gruby,Female,Huangdao,fgruby1h@wsj.com
55,Inna,Snead,Female,Wādī Raḩḩāl,isnead1i@aol.com
56,Shamus,Ballance,Male,Tulcán,sballance1j@studiopress.com
57,Melva,Dilkes,Female,Guangpu,mdilkes1k@prweb.com
58,Brandie,Cockcroft,Non-binary,Kolyubakino,bcockcroft1l@youtu.be
59,Temple,Gerdts,Male,Pirca,tgerdts1m@princeton.edu
60,Zoe,Giddy,Female,Rio Largo,zgiddy1n@feedburner.com
61,Antonella,Petteford,Female,Żabnica,apetteford1o@i2i.jp
62,Hillie,Tacey,Male,Bardiyā,htacey1p@typepad.com
63,Correna,Rehme,Polygender,Wiwilí,crehme1q@huffingtonpost.com
64,Corliss,Hawney,Genderfluid,Krajan,chawney1r@indiatimes.com
65,Laughton,Ebenezer,Male,Bechyně,lebenezer1s@bloglines.com
66,Raf,Rolinson,Female,Bidyā,rrolinson1t@businessinsider.com
67,Maryl,Dwelley,Female,Dalu,mdwelley1u@ehow.com
68,Clio,Castrillo,Female,Rušanj,ccastrillo1v@surveymonkey.com
69,Tirrell,Bloodworthe,Male,La Paz,tbloodworthe1w@xing.com
70,Timothee,MacGillicuddy,Male,Tanggul Wetan,tmacgillicuddy1x@soundcloud.com
71,Noe,Craft,Male,Riyue,ncraft1y@ted.com
72,Lynn,Fitchet,Female,Angus,lfitchet1z@fastcompany.com
73,Christophorus,Gagie,Male,Kediren,cgagie20@123-reg.co.uk
74,Walliw,Janecki,Female,Fengchuan,wjanecki21@hp.com
75,Johnnie,Poulett,Male,Chao,jpoulett22@scientificamerican.com
76,Cordy,Fossord,Female,Perpignan,cfossord23@themeforest.net
77,Briano,Woolley,Genderfluid,Guachetá,bwoolley24@ameblo.jp
78,Ingelbert,Boutellier,Male,Serra de Água,iboutellier25@dagondesign.com
79,Bil,Button,Male,Staryy Urukh,bbutton26@paginegialle.it
80,Wyatan,Fearnyhough,Male,Leiden,wfearnyhough27@g.co
81,Corine,Hardaker,Female,Pensacola,chardaker28@dot.gov
82,Olenolin,Dumingos,Male,Rouen,odumingos29@baidu.com
83,Josiah,Baddiley,Male,Kelungkung,jbaddiley2a@marketwatch.com
84,Yancey,Holtham,Bigender,Yujiawu,yholtham2b@phpbb.com
85,Amberly,Mussen,Female,Ngreco,amussen2c@desdev.cn
86,Brook,Peascod,Male,Huangtan,bpeascod2d@answers.com
87,Boniface,Gahan,Male,Iyo,bgahan2e@engadget.com
88,Loretta,Cheverton,Female,Mesiméri,lcheverton2f@comcast.net
89,Nikola,McGibbon,Male,Roseau,nmcgibbon2g@spiegel.de
90,Aloysius,Maudett,Male,Aragua de Barcelona,amaudett2h@meetup.com
91,Emanuel,Laffling,Male,Walahir,elaffling2i@loc.gov
92,Selina,Rops,Female,Kademangan,srops2j@yahoo.co.jp
93,Paola,Antoniat,Female,Nam Phong,pantoniat2k@uol.com.br
94,Olly,Pyser,Female,Bakadagy,opyser2l@blog.com
95,Mariska,Neeves,Female,Belalcazar,mneeves2m@360.cn
96,Yul,Tedstone,Male,Kampungbaru,ytedstone2n@mayoclinic.com
97,Mariele,Tootell,Female,Jindřichov,mtootell2o@washington.edu
98,Cordy,Elderton,Female,Huimin,celderton2p@diigo.com
99,Cornelius,Chrispin,Male,Parse,cchrispin2q@about.me
100,Raina,Roath,Female,Salor,rroath2r@dell.com
